Employee_Name,Employee_EmailID,Secret_Child_Name,Secret_Child_EmailID
hamish murray,hamish.murray@acme.com,piper stewart,piper.stewart@acme.com
charlie ross,charlie.ross@acme.com,layla graham,layla.graham@acme.com
mark lawrence,mark.lawrence@acme.com,ethan murray,ethan.murray@acme.com
layla graham,layla.graham@acme.com,charlie ross,charlie.ross.jr@acme.com
matthew king,matthew.king@acme.com,hamish murray,hamish.murray.jr@acme.com
benjamin collins,benjamin.collins@acme.com,isabella scott,isabella.scott@acme.com
isabella scott,isabella.scott@acme.com,charlie ross,charlie.ross@acme.com
hamish murray,hamish.murray.sr@acme.com,benjamin collins,benjamin.collins@acme.com
piper stewart,piper.stewart@acme.com,mark lawrence,mark.lawrence@acme.com
spencer allen,spencer.allen@acme.com,hamish murray,hamish.murray.sr@acme.com
charlie wright,charlie.wright@acme.com,matthew king,matthew.king.jr@acme.com
hamish murray,hamish.murray.jr@acme.com,spencer allen,spencer.allen@acme.com
charlie ross,charlie.ross.jr@acme.com,charlie wright,charlie.wright@acme.com
ethan murray,ethan.murray@acme.com,hamish murray,hamish.murray@acme.com
matthew king,matthew.king.jr@acme.com,matthew king,matthew.king@acme.com
